<?xml version="1.0" encoding="UTF-8"?>
<schemalist gettext-domain="pop-shell">
    <schema id="org.gnome.shell.extensions.pop-shell" path="/org/gnome/shell/extensions/pop-shell/">
        <!-- Appearance Options -->
        <key type="b" name="active-hint">
            <default>false</default>
            <summary>Show a hint around the active window</summary>
        </key>

        <key type="u" name="active-hint-border-radius">
            <default>5</default>
            <range min="0" max="30"/>
            <summary>Border radius for active window hint, in pixels</summary>
        </key>

        <key type="b" name="fullscreen-launcher">
            <default>false</default>
            <summary>Allow showing launcher above fullscreen windows</summary>
        </key>

        <key type="u" name="gap-inner">
            <default>2</default>
            <summary>Gap between tiled windows</summary>
        </key>

        <key type="u" name="gap-outer">
            <default>2</default>
            <summary>Gap surrounding tiled windows</summary>
        </key>

        <key type="b" name="show-title">
            <default>true</default>
            <summary>Show title bars on windows with server-side decorations</summary>
        </key>

        <key type="b" name="show-skip-taskbar">
            <default>true</default>
            <summary>Handle minimized to tray windows</summary>
        </key>

        <key type="b" name="mouse-cursor-follows-active-window">
            <default>true</default>
            <summary>Move cursor to active window when navigating with keyboard shortcuts or touchpad gestures</summary>
        </key>

        <key type="u" name="mouse-cursor-focus-location">
            <default>0</default>
            <summary>The location the mouse cursor focuses when selecting a window</summary>
        </key>

        <!-- Tiling Options -->
        <key type="u" name="column-size">
            <default>64</default>
            <summary>Size of a column in the display grid</summary>
        </key>

        <key type="u" name="row-size">
            <default>64</default>
            <summary>Size of a row in the display grid</summary>
        </key>

        <key type="b" name="smart-gaps">
            <default>false</default>
            <summary>Hide the outer gap when a tree contains only one window</summary>
        </key>

        <key type="b" name="snap-to-grid">
            <default>false</default>
            <summary>Snaps windows to the tiling grid on drop</summary>
        </key>

        <key type="b" name="tile-by-default">
            <default>false</default>
            <summary>Tile launched windows by default</summary>
        </key>

        <key type="b" name="stacking-with-mouse">
            <default>true</default>
            <summary>Allow for stacking windows as a result of dragging a window with mouse</summary>
        </key>

        <!-- Focus Shifting -->
        <key type="as" name="focus-left">
            <default><![CDATA[['<Super>Left','<Super>KP_Left','<Super>h']]]></default>
            <summary>Focus left window</summary>
        </key>

        <key type="as" name="focus-down">
            <default><![CDATA[['<Super>Down','<Super>KP_Down','<Super>j']]]></default>
            <summary>Focus down window</summary>
        </key>

        <key type="as" name="focus-up">
            <default><![CDATA[['<Super>Up','<Super>KP_Up','<Super>k']]]></default>
            <summary>Focus up window</summary>
        </key>

        <key type="as" name="focus-right">
            <default><![CDATA[['<Super>Right','<Super>KP_Right','<Super>l']]]></default>
            <summary>Focus right window</summary>
        </key>

        <!-- Launcher -->
        <key type="as" name="activate-launcher">
            <default><![CDATA[['<Super>slash']]]></default>
            <summary>Search key combo</summary>
        </key>

        <!-- Window Management Keys -->
        <key type="as" name="toggle-stacking">
            <default><![CDATA[['s']]]></default>
            <summary>Toggle stacking mode inside management mode</summary>
        </key>

        <key type="as" name="toggle-stacking-global">
            <default><![CDATA[['<Super>s']]]></default>
            <summary>Toggle stacking mode outside management mode</summary>
        </key>

        <key type="as" name="management-orientation">
            <default><![CDATA[['o']]]></default>
            <summary>Toggle tiling orientation</summary>
        </key>

        <key type="as" name="tile-enter">
            <default><![CDATA[['<Super>Return','<Super>KP_Enter']]]></default>
            <summary>Enter tiling mode</summary>
        </key>

        <key type="as" name="tile-accept">
            <default><![CDATA[['Return','KP_Enter']]]></default>
            <summary>Accept tiling changes</summary>
        </key>

        <key type="as" name="tile-reject">
            <default><![CDATA[['Escape']]]></default>
            <summary>Reject tiling changes</summary>
        </key>

        <key type="as" name="toggle-floating">
            <default><![CDATA[['<Super>g']]]></default>
            <summary>Toggles a window between floating and tiling</summary>
        </key>

        <!-- Tiling Mode -->
        <key type="as" name="toggle-tiling">
            <default><![CDATA[['<Super>y']]]></default>
            <summary>Toggles auto-tiling on and off</summary>
        </key>


        <key type="as" name="tile-move-left">
            <default><![CDATA[['Left','KP_Left','h']]]></default>
            <summary>Move window left</summary>
        </key>

        <key type="as" name="tile-move-down">
            <default><![CDATA[['Down','KP_Down','j']]]></default>
            <summary>Move window down</summary>
        </key>

        <key type="as" name="tile-move-up">
            <default><![CDATA[['Up','KP_Up','k']]]></default>
            <summary>Move window up</summary>
        </key>

        <key type="as" name="tile-move-right">
            <default><![CDATA[['Right','KP_Right','l']]]></default>
            <summary>Move window right</summary>
        </key>

        <key type="as" name="tile-move-left-global">
            <default><![CDATA[[]]]></default>
            <summary>Move window left</summary>
        </key>

        <key type="as" name="tile-move-down-global">
            <default><![CDATA[[]]]></default>
            <summary>Move window down</summary>
        </key>

        <key type="as" name="tile-move-up-global">
            <default><![CDATA[[]]]></default>
            <summary>Move window up</summary>
        </key>

        <key type="as" name="tile-move-right-global">
            <default><![CDATA[[]]]></default>
            <summary>Move window right</summary>
        </key>

        <key type="as" name="tile-orientation">
            <default><![CDATA[['<Super>o']]]></default>
            <summary>Toggle tiling orientation</summary>
        </key>

        <!-- Resize in normal direction -->
        <key type="as" name="tile-resize-left">
            <default><![CDATA[['<Shift>Left','<Shift>KP_Left','<Shift>h']]]></default>
            <summary>Resize window left</summary>
        </key>

        <key type="as" name="tile-resize-down">
            <default><![CDATA[['<Shift>Down','<Shift>KP_Down','<Shift>j']]]></default>
            <summary>Resize window down</summary>
        </key>

        <key type="as" name="tile-resize-up">
            <default><![CDATA[['<Shift>Up','<Shift>KP_Up','<Shift>k']]]></default>
            <summary>Resize window up</summary>
        </key>

        <key type="as" name="tile-resize-right">
            <default><![CDATA[['<Shift>Right','<Shift>KP_Right','<Shift>l']]]></default>
            <summary>Resize window right</summary>
        </key>

        <!-- Swap windows -->
        <key type="as" name="tile-swap-left">
            <default><![CDATA[['<Primary>Left','<Primary>KP_Left','<Primary>h']]]></default>
            <summary>Swap window left</summary>
        </key>

        <key type="as" name="tile-swap-down">
            <default><![CDATA[['<Primary>Down','<Primary>KP_Down','<Primary>j']]]></default>
            <summary>Swap window down</summary>
        </key>

        <key type="as" name="tile-swap-up">
            <default><![CDATA[['<Primary>Up','<Primary>KP_Up','<Primary>k']]]></default>
            <summary>Swap window up</summary>
        </key>

        <key type="as" name="tile-swap-right">
            <default><![CDATA[['<Primary>Right','<Primary>KP_Right','<Primary>l']]]></default>
            <summary>Swap window right</summary>
        </key>

        <!-- Workspace Management -->

        <key type="as" name="pop-workspace-down">
            <default><![CDATA[['<Super><Shift>Down','<Super><Shift>KP_Down','<Super><Shift>j']]]></default>
            <summary>Move window to the lower workspace</summary>
        </key>

        <key type="as" name="pop-workspace-up">
            <default><![CDATA[['<Super><Shift>Up','<Super><Shift>KP_Up','<Super><Shift>k']]]></default>
            <summary>Move window to the upper workspace</summary>
        </key>

        <key type="as" name="pop-monitor-down">
            <default><![CDATA[['<Super><Shift><Primary>Down','<Super><Shift><Primary>KP_Down','<Super><Shift><Primary>j']]]></default>
            <summary>Move window to the lower monitor</summary>
        </key>

        <key type="as" name="pop-monitor-up">
            <default><![CDATA[['<Super><Shift><Primary>Up','<Super><Shift><Primary>KP_Up','<Super><Shift><Primary>k']]]></default>
            <summary>Move window to the upper monitor</summary>
        </key>

        <key type="as" name="pop-monitor-left">
            <default><![CDATA[['<Super><Shift>Left','<Super><Shift>KP_Left','<Super><Shift>h']]]></default>
            <summary>Move window to the leftward monitor</summary>
        </key>

        <key type="as" name="pop-monitor-right">
            <default><![CDATA[['<Super><Shift>Right','<Super><Shift>KP_Right','<Super><Shift>l']]]></default>
            <summary>Move window to the rightward monitor</summary>
        </key>

        <key type="s" name="hint-color-rgba">
            <default>'rgba(251, 184, 108, 1)'</default>
            <summary>The current active-hint-color in RGBA</summary>
        </key>
        <key type="u" name="log-level">
            <default>0</default>
            <summary>
                Derive some log4j level/order
                0 - OFF
                1 - ERROR
                2 - WARN
                3 - INFO
                4 - DEBUG
            </summary>
        </key>

    </schema>
</schemalist>
